edge_id,end_vertex,length,n_points,start_vertex
0,-1,9.524412523950781,2,124
1,-1,9.52440345273287,2,142
2,-1,9.524400294824153,2,158
3,-1,9.524409584065184,2,162
4,-1,9.524403376465362,2,169
5,-1,5.999990968879697,2,191
6,-1,1.5000143771457346,2,213
7,-1,6.000001650769036,2,215
8,-1,6.000001037726089,2,215
9,-1,0.7499961616994074,2,217
10,-1,1.500003732755637,2,217
11,-1,6.000008370896085,2,231
12,-1,6.000004028419892,2,237
13,-1,6.0000051731142,2,246
14,-1,5.999995979522754,2,262
15,-1,6.000004096828399,2,270
16,-1,1.500001891282126,2,280
17,-1,0.7500061400293807,2,296
18,228,4.217932174861991,3,296
19,-1,5.999998233296902,2,303
20,-1,6.000000469706701,2,305
21,-1,6.000002596376406,2,310
22,-1,6.0000040537402075,2,329
23,-1,2.3811006885798482,2,357
24,276,3.77251615057072,3,367
25,-1,3.779760383982583,2,436
26,-1,3.7797655534723344,2,442
27,-1,3.779771710477725,2,442
28,-1,3.779769765607937,2,446
29,-1,1.5000114940287375,2,452
30,-1,3.779767774968949,2,458
31,-1,3.779774141979346,2,462
32,-1,3.779765933429834,2,462
33,-1,3.7797720781937048,2,463
34,403,3.619531228466311,3,467
35,-1,3.779769142994373,2,480
36,-1,2.381107497295057,2,484
37,-1,3.7797630924726136,2,492
38,-1,0.7500072077812111,2,494
39,-1,3.7797581376705613,2,504
40,-1,1.499999977046779,2,505
41,-1,1.5000024916738688,2,521
42,457,3.0213228027737022,3,542
43,-1,3.779762514317711,2,567
44,-1,3.779761987446804,2,567
45,-1,3.7797702661626804,2,580
46,509,3.223784061818876,3,587
47,-1,1.5000003335686651,2,600
48,-1,1.4999995174196084,2,600
49,-1,0.7500119085719985,2,628
50,-1,0.7500018207334234,2,628
51,-1,2.3811011097791335,2,643
52,-1,2.381097502435851,2,676
53,678,3.468714063157721,3,707
54,-1,1.5000018264000672,2,713
55,630,3.0109775009304576,3,725
56,-1,1.5000007868855905,2,726
57,-1,1.1905515836860094,2,796
58,710,5.524456675448992,3,796
59,-1,0.7499846641036166,2,805
60,-1,0.7499913363217101,2,805
61,-1,1.5000043574385695,2,914
62,895,3.266619583549619,3,946
63,768,3.3893665637211123,3,977
64,835,3.477411748994431,3,1032
65,-1,1.499993831372243,2,1057
66,-1,0.7500003992656424,2,1113
67,-1,1.4999979596260717,2,1147
68,-1,1.4999937964475025,2,1157
69,-1,0.7500068315304125,2,1164
70,1058,3.25941189765149,3,1189
71,-1,1.4999985658401598,2,1218
72,-1,0.7500054552021413,2,1218
73,-1,1.4999999594098572,2,1244
74,-1,1.5000072850979287,2,1297
75,-1,1.4999930469041658,2,1308
76,-1,0.7500015723812986,2,1348
77,-1,1.4999921464466097,2,1350
78,-1,0.7499969162293952,2,1350
79,-1,1.5000014790171294,2,1378
80,-1,1.5000042751525762,2,1378
81,-1,1.500003263971632,2,1378
82,-1,0.7500030758417159,2,1379
83,-1,1.499992865450632,2,1388
84,1065,3.9727030091200493,3,1399
85,-1,1.4999984721839408,2,1442
86,-1,1.500001689127161,2,1460
87,-1,1.5000050974302304,2,1481
88,-1,1.5000131244507453,2,1500
89,-1,1.5000025714570346,2,1516
90,1437,3.2987066574720045,3,1552
91,1164,3.2294534201725265,3,1553
92,-1,1.4999980017684749,2,1565
93,-1,1.4999950164846247,2,1576
94,924,3.7975919401728717,3,1637
95,-1,1.4999862921884406,2,1639
96,718,3.1882728518561834,3,1640
97,-1,1.5000100413311697,2,1654
98,-1,1.5000089271077668,2,1654
99,1304,3.7032617540329245,3,1668
100,1545,3.9780353918095446,3,1670
101,-1,1.500001861479841,2,1708
102,-1,1.5000144615848363,2,1725
103,1297,3.1693760421858768,3,1764
104,-1,1.500000926432845,2,1791
105,-1,1.4999975664521386,2,1803
106,-1,2.3811069240450826,2,1807
107,-1,1.4999946658630743,2,1814
108,-1,1.500000185721232,2,1822
109,-1,0.7500099235256276,2,1847
110,1670,3.8814187938487086,3,1906
111,-1,1.5000139180856453,2,1916
112,-1,0.7499998317798411,2,1916
113,-1,1.499995970627469,2,1986
114,-1,1.4999921349602379,2,1989
115,-1,1.4999982179131948,2,2011
116,-1,1.5000121919718865,2,2023
117,1866,3.237924775044357,3,2036
118,-1,1.500011753710503,2,2065
119,-1,1.4999957337604393,2,2073
120,1860,3.8829719871704613,3,2099
121,-1,2.3811035412440575,2,2102
122,-1,0.7500039747578007,2,2129
123,-1,0.7499931842399884,2,2136
124,-1,1.4999970555431803,2,2136
125,-1,1.4999924858378164,2,2142
126,-1,1.499995368836128,2,2145
127,1857,3.1916299803796684,3,2170
128,-1,2.381114317700218,2,2178
129,-1,2.381091849146846,2,2178
130,1947,3.417013414315817,3,2182
131,-1,1.4999969078700472,2,2197
132,-1,1.4999959495174338,2,2213
133,-1,1.499995507234964,2,2214
134,2023,3.3031984759124056,3,2243
135,-1,2.3810887117697863,2,2277
136,2036,3.5589263740173163,3,2299
137,1805,3.2040086916591775,3,2314
138,2182,3.33279450804252,3,2316
139,-1,1.4999900476211203,2,2336
140,-1,1.5000002315888623,2,2341
141,-1,1.5000132588704547,2,2341
142,-1,1.4999886319425384,2,2344
143,-1,1.5000115897990054,2,2379
144,-1,1.4999964976021487,2,2382
145,-1,0.7500052017289814,2,2413
146,-1,0.7499972193760784,2,2413
147,-1,0.7500060281551639,2,2430
148,-1,1.5000007693498596,2,2443
149,1822,3.225491039129958,3,2464
150,-1,1.4999920624719156,2,2478
151,1818,3.6116269404444865,3,2490
152,2514,3.866004087232282,3,2551
153,-1,1.4999904574057161,2,2573
154,2075,3.732726711045032,3,2615
155,-1,1.5000060431071829,2,2621
156,-1,1.4999857775503167,2,2687
157,2330,3.1624055045688344,3,2690
158,1152,3.849099263149661,3,2729
159,-1,0.7499875004603467,2,2729
160,-1,0.7500051720820845,2,2730
161,-1,1.5000034760798717,2,2730
162,-1,1.4999864030168357,2,2743
163,-1,2.3811112789662596,2,2761
164,-1,2.3810998280975353,2,2761
165,-1,1.5000033384045146,2,2785
166,-1,1.5000053150485166,2,2815
167,-1,1.5000014678412696,2,2827
168,-1,0.7500026738223455,2,2827
169,-1,0.7500056463158802,2,2862
170,2166,3.6075486830011823,3,2863
171,-1,1.500003113563356,2,2886
172,-1,1.5000000144549024,2,2886
173,-1,1.4999963202432847,2,2918
174,-1,1.5000052658707959,2,2918
175,-1,1.500006990260855,2,2926
176,2225,3.0356078646115567,3,2957
177,2687,3.2547624694966517,3,2998
178,-1,1.4999946176443542,2,3001
179,-1,1.499989816748585,2,3022
180,-1,0.7500005359759502,2,3048
181,2460,4.209002020450808,3,3053
182,-1,1.5000003577054362,2,3055
183,-1,1.5000055464231312,2,3063
184,-1,0.749997556244388,2,3069
185,2499,3.755700583277658,3,3080
186,-1,3.7797636026377255,2,3083
187,-1,1.4999958547162977,2,3084
188,-1,1.4999913067770672,2,3086
189,2523,3.6288368664609916,3,3095
190,-1,0.7499992229661294,2,3102
191,-1,0.7499965897994196,2,3102
192,-1,2.381101770656063,2,3127
193,2999,3.4156798441439493,3,3150
194,-1,0.749990308635904,2,3155
195,-1,1.4999983735994622,2,3158
196,-1,1.5000067431483346,2,3158
197,-1,0.7499989665804762,2,3167
198,1842,7.817459879655132,3,3177
199,-1,1.4999910872164817,2,3183
200,-1,1.4999952136152117,2,3190
201,-1,1.4999968522816156,2,3210
202,-1,1.4999950655344425,2,3228
203,2218,3.47364101194665,3,3319
204,-1,1.50000440266579,2,3351
205,3160,3.8242027450909015,3,3357
206,-1,1.5000053994541742,2,3359
207,2957,3.326047823067988,3,3361
208,-1,1.499996933559081,2,3363
209,-1,2.3811011872719714,2,3421
210,-1,1.500004566345243,2,3422
211,-1,1.499990531213498,2,3429
212,-1,1.4999942547376448,2,3432
213,2858,3.6359539160669985,3,3435
214,2952,3.3970559909433042,3,3497
215,-1,1.499994300624859,2,3500
216,2525,3.8072776399349086,3,3536
217,-1,1.5000091998866203,2,3552
218,-1,1.499999852540585,2,3560
219,-1,1.5000013170447628,2,3560
220,-1,1.499998823428686,2,3568
221,-1,0.7500075942762656,2,3581
222,1144,3.59167887123684,3,3583
223,3311,3.4222932374501682,3,3591
224,-1,1.500006642177896,2,3618
225,-1,0.749993833998328,2,3619
226,-1,1.5000030830626045,2,3619
227,-1,1.4999946452736894,2,3619
228,-1,1.4999990873812095,2,3621
229,-1,1.499993934754321,2,3626
230,-1,1.4999917366624753,2,3638
231,-1,1.500012142845019,2,3638
232,3006,3.0987197801117237,3,3657
233,3474,3.0303432802422625,3,3680
234,-1,1.5000113949988594,2,3712
235,-1,1.4999951885470322,2,3733
236,-1,1.4999989122924486,2,3767
237,-1,2.381102257271795,2,3768
238,-1,1.5000007866569285,2,3769
239,-1,3.7797684192733505,2,3799
240,-1,1.5000030305982066,2,3821
241,1995,4.104833807817838,3,3846
242,-1,1.4999977481379345,2,3846
243,-1,1.5000006060405353,2,3875
244,-1,1.5000010831908215,2,3875
245,-1,3.7797624493011157,2,3892
246,-1,2.3810950563462008,2,3895
247,-1,2.3811026061604967,2,3895
248,-1,1.4999904131094037,2,3898
249,-1,1.499992148619707,2,3909
250,-1,1.5000012319064298,2,3909
251,-1,1.4999959863823848,2,3918
252,-1,2.381102349167874,2,3961
253,-1,0.7500121058540055,2,3965
254,-1,1.4999916252911998,2,3965
255,-1,1.5000127154484375,2,4011
256,-1,1.49999912618634,2,4024
257,-1,1.4999957756700737,2,4058
258,-1,1.4999998533360899,2,4059
259,-1,3.7797635218024404,2,4066
260,784,3.566072120010704,3,4100
261,-1,1.5000071359318132,2,4100
262,-1,2.3810973363278904,2,4108
263,3948,5.259949734752022,3,4108
264,-1,1.5000076557624673,2,4109
265,-1,1.499990131130263,2,4120
266,-1,1.4999999436743858,2,4155
267,1306,3.5288307234249063,3,4166
268,-1,1.4999976916376123,2,4190
269,-1,1.5000091384973158,2,4199
270,-1,1.499993219180228,2,4233
271,-1,1.4999982411186763,2,4233
272,3633,3.2724406914127426,3,4239
273,3644,3.6224524788401995,3,4276
274,-1,1.4999923573146519,2,4296
275,-1,1.5000100701243662,2,4303
276,-1,1.499993349798804,2,4303
277,-1,1.5000134618969676,2,4316
278,-1,1.4999982031090289,2,4351
279,-1,1.4999964421107148,2,4370
280,-1,1.4999943981618638,2,4386
281,-1,1.4999851003170102,2,4448
282,-1,1.500020020992837,2,4467
283,-1,1.5000127363751266,2,4480
284,4370,3.2230411360168825,3,4506
285,-1,1.500001462990636,2,4513
286,-1,1.5000023426624969,2,4524
287,4177,3.2342097818737336,3,4525
288,-1,1.5000123906524077,2,4540
289,4260,4.100466470149476,3,4591
290,-1,0.7499919480910436,2,4591
291,-1,1.4999942012834038,2,4592
292,-1,1.500011810675953,2,4596
293,-1,1.5000020254894144,2,4602
294,-1,1.499984154723868,2,4639
295,-1,1.5000039218718448,2,4670
296,-1,0.7500011425767084,2,4689
297,4233,3.6537690589316822,3,4691
298,-1,1.5000034136474483,2,4720
299,-1,1.499993906964901,2,4729
300,4270,3.3482325688435632,3,4736
301,2917,3.2099367446769094,3,4740
302,4362,3.1492831711645373,3,4748
303,-1,1.5000077116415356,2,4753
304,-1,0.7499980172116176,2,4760
305,-1,1.4999958472656965,2,4763
306,-1,1.4999913619000405,2,4814
307,-1,1.4999999837212574,2,4832
308,-1,2.3810972268224795,2,4877
309,-1,1.4999876416865767,2,4890
310,-1,1.50000003996926,2,4895
311,-1,0.7499922420816351,2,4896
312,-1,1.4999910747987735,2,4897
313,-1,1.5000079265430994,2,4922
314,-1,1.5000000233606745,2,4923
315,-1,1.4999968387774099,2,4923
316,-1,3.779773446186772,2,4924
317,-1,1.4999911682614275,2,4941
318,-1,1.5000081317434082,2,4963
319,-1,1.5000133818815524,2,4999
320,-1,1.5000008050505396,2,5007
321,-1,1.500011773190514,2,5009
322,-1,1.500007536320952,2,5010
323,4878,3.796837074154576,3,5017
324,-1,1.4999903322972492,2,5048
325,2165,3.6886545051901676,3,5049
326,-1,1.4999967981095712,2,5078
327,-1,1.4999872294176637,2,5078
328,-1,2.3810970792924917,2,5092
329,-1,2.3810952005198094,2,5142
330,4983,3.7590446398605586,3,5146
331,5034,3.3794676679784583,3,5159
332,-1,1.499995969720397,2,5192
333,-1,1.4999985431003449,2,5207
334,-1,3.7797625698663038,2,5208
335,-1,1.4999931839644336,2,5240
336,-1,1.5000000892565948,2,5247
337,4541,3.095195367647295,3,5248
338,-1,1.5000019595984297,2,5263
339,-1,1.50000311560062,2,5291
340,-1,1.4999957370637333,2,5297
341,-1,3.779764038021275,2,5310
342,-1,1.5000061006161192,2,5314
343,4814,3.7614831468283247,3,5324
344,-1,0.7499989193545941,2,5324
345,-1,1.5000031492057726,2,5326
346,-1,1.5000002828892054,2,5331
347,-1,1.5000002828892054,2,5331
348,-1,1.5000008664595876,2,5331
349,-1,1.5000051930650893,2,5341
350,-1,1.500007264007455,2,5343
351,-1,1.4999844216863998,2,5345
352,-1,1.5000000965665063,2,5345
353,-1,1.500005968989725,2,5371
354,-1,2.3810964209077254,2,5379
355,-1,1.49999553261358,2,5380
356,-1,1.4999984360417968,2,5401
357,-1,2.381097838454576,2,5421
358,5206,5.199502881953368,3,5423
359,-1,1.1905501211496003,2,5423
360,-1,1.5000060499368544,2,5441
361,4976,3.1402715681898963,3,5458
362,-1,1.5000005424953016,2,5459
363,-1,2.3811067354592557,2,5460
364,5026,3.186883358431184,3,5488
365,4154,3.8906839378118896,3,5506
366,-1,1.499990965877036,2,5510
367,-1,1.4999999029872286,2,5515
368,5133,3.2114465752956063,3,5534
369,-1,1.4999862664216137,2,5540
370,5079,3.569338961740585,3,5550
371,4734,3.0452397739170687,3,5556
372,-1,3.7797625904077377,2,5558
373,-1,1.4999946334962972,2,5560
374,5236,3.4615804936595334,3,5566
375,-1,1.4999955211466367,2,5584
376,-1,1.499992628064091,2,5600
377,-1,1.4999939831008289,2,5608
378,-1,1.5000037069697072,2,5618
379,-1,0.7500035185284335,2,5618
380,5299,3.0158787318766995,3,5643
381,-1,2.3811054832069405,2,5648
382,5128,4.621020726113963,3,5687
383,-1,1.499994125360916,2,5689
384,-1,1.499996449949365,2,5695
385,-1,1.5000034535147542,2,5695
386,-1,3.779769631475763,2,5697
387,-1,3.7797676358779695,2,5697
388,5003,3.325784104455449,3,5704
389,-1,1.4999891235098797,2,5725
390,-1,1.5000086767968912,2,5727
391,-1,1.5000119267993177,2,5727
392,4717,3.2704309003477734,3,5733
393,-1,1.500005913129994,2,5775
394,-1,1.5000044206713068,2,5787
395,4777,3.034087817511775,3,5793
396,-1,1.5000036148466074,2,5806
397,-1,1.4999977949369634,2,5819
398,-1,1.499995241418629,2,5822
399,-1,1.4999969990428321,2,5824
400,-1,1.500009351837992,2,5827
401,-1,1.500000193579265,2,5836
402,-1,1.5000026414613266,2,5836
403,-1,1.4999995555650405,2,5836
404,-1,0.7499955341785437,2,5869
405,5714,3.9576292703461666,3,5869
406,-1,2.3810970844505412,2,5885
407,-1,1.4999998037540712,2,5900
408,-1,2.3810941068118616,2,5929
409,-1,1.5000051453155694,2,5951
410,-1,1.5000029280753167,2,5955
411,-1,1.4999988427536444,2,5978
412,-1,1.500001318208915,2,5978
413,-1,1.500001734761915,2,5986
414,5813,3.443271959525158,3,6039
415,-1,1.4999871631779929,2,6040
416,-1,1.500006852243018,2,6040
417,-1,0.7500005019826997,2,6042
418,-1,1.4999976538801845,2,6095
419,-1,1.499995191030567,2,6096
420,-1,3.779756880797219,2,6107
421,-1,0.7499927210966811,2,6114
422,3911,3.0442431240716497,3,6127
423,5856,3.028828618444356,3,6128
424,-1,2.3810917960536546,2,6132
425,-1,3.779763442572043,2,6150
426,-1,3.779753876348339,2,6150
427,-1,5.999988671691949,2,6187
428,-1,1.4999930219717685,2,6189
429,-1,1.5000044306247873,2,6216
430,-1,1.500006143961247,2,6227
431,-1,1.499995422620172,2,6227
432,-1,1.5000010434689717,2,6244
433,-1,1.5000070442745832,2,6254
434,5407,3.684126753242407,3,6259
435,-1,1.4999993944073735,2,6280
436,-1,1.4999989883505123,2,6282
437,-1,1.4999967548029782,2,6297
438,5794,3.4556452344621,3,6314
439,-1,1.5000053850526807,2,6367
440,-1,2.3811032467715516,2,6376
441,5924,3.9951508227807753,3,6417
442,-1,3.779766478582916,2,6435
443,-1,1.4999939076827984,2,6441
444,-1,2.381101037838521,2,6485
445,5643,3.4019689397842527,3,6516
446,-1,1.499995166117608,2,6533
447,-1,1.4999989424828437,2,6533
448,6503,3.3334710658180597,3,6539
449,-1,1.4999963058571653,2,6555
450,-1,1.499986604805209,2,6572
451,-1,1.499992472839253,2,6616
452,5927,4.236602528046723,3,6640
453,3972,3.382028760268156,3,6654
454,-1,1.5000093866350421,2,6655
455,-1,1.4999950630509076,2,6660
456,-1,2.3811103641662235,2,6668
457,-1,2.381093813071562,2,6668
458,-1,1.4999940405326169,2,6669
459,-1,1.5000100157154415,2,6702
460,-1,1.5000020281087556,2,6739
461,-1,1.4999989991577418,2,6742
462,-1,1.4999984254625434,2,6745
463,-1,1.499998612646458,2,6759
464,-1,1.5000035967634708,2,6776
465,-1,1.5000032480227676,2,6779
466,-1,1.499996602104543,2,6779
467,-1,1.5000047741459455,2,6779
468,-1,1.4999909342458322,2,6832
469,-1,1.5000044582539418,2,6843
470,-1,1.5000026907631276,2,6851
471,-1,2.381103341034048,2,6852
472,-1,1.500005876557537,2,6870
473,-1,1.4999959348490635,2,6874
474,-1,1.5000004925531458,2,6874
475,6712,3.1810759933981854,3,6875
476,-1,1.5000009184389977,2,6879
477,-1,1.500011558464123,2,6887
478,-1,2.3811027189406166,2,6900
479,-1,1.4999924916780143,2,6916
480,-1,1.4999968058900117,2,6931
481,-1,1.500000917973337,2,6942
482,-1,1.4999964695071852,2,6944
483,6703,3.4037249657663464,3,7016
484,-1,1.5000000313545263,2,7026
485,-1,1.5000092244112975,2,7069
486,-1,2.3811053839973892,2,7089
487,-1,1.4999924195632104,2,7098
488,-1,1.4999925102851563,2,7099
489,-1,1.500009074512933,2,7104
490,-1,1.500002734515807,2,7105
491,-1,1.499993279444831,2,7143
492,7003,3.9550558729057834,3,7152
493,-1,1.5000032619537709,2,7156
494,-1,1.4999927685926204,2,7159
495,7131,3.52847928844198,3,7178
496,-1,1.499997080300887,2,7181
497,-1,1.5000121326781632,2,7181
498,-1,1.5000054176010293,2,7211
499,6726,4.02185498144459,3,7215
500,-1,0.7500018385061191,2,7215
501,-1,1.4999844084149152,2,7233
502,-1,0.749998701890428,2,7264
503,-1,1.500004968153652,2,7271
504,7087,3.0734039678324243,3,7278
505,-1,1.4999950928002737,2,7300
506,-1,3.7797618983672256,2,7321
507,6595,3.613794540734796,3,7329
508,-1,1.499992068530395,2,7334
509,6612,3.4766698675139054,3,7337
510,-1,1.5000046867292285,2,7338
511,-1,1.5000003658739094,2,7340
512,-1,1.4999984045853736,2,7357
513,-1,1.499995716298091,2,7369
514,-1,1.4999972520526164,2,7384
515,-1,1.5000003967433644,2,7393
516,-1,1.4999980167969853,2,7401
517,-1,1.499996849236621,2,7401
518,6874,3.7318288746300916,3,7401
519,7253,3.3521130724746775,3,7441
520,-1,1.4999906040135496,2,7448
521,-1,1.5000128652397249,2,7451
522,-1,1.5000028986222975,2,7455
523,-1,1.5000040758501,2,7464
524,-1,1.5000018077930408,2,7477
525,-1,1.499993593760015,2,7487
526,-1,1.4999962743731092,2,7492
527,7106,3.755767200026868,3,7495
528,6880,3.7969397465415264,3,7500
529,6847,3.5649756861298227,3,7501
530,-1,2.3810931481466486,2,7527
531,-1,1.5000045202497658,2,7534
532,-1,0.7499840172477776,2,7535
533,-1,1.5000030874972916,2,7559
534,-1,0.7499978506984437,2,7561
535,-1,1.5000008825831002,2,7563
536,-1,1.4999992828814461,2,7577
537,-1,2.3810991445403675,2,7625
538,-1,1.4999971893046415,2,7626
539,-1,1.500009462770184,2,7660
540,-1,1.500006306689789,2,7660
541,-1,0.749996359295999,2,7668
542,1645,3.291628972044556,3,7668
543,-1,1.500001958725316,2,7674
544,7438,3.1686274839494546,3,7677
545,-1,1.4999962581740587,2,7693
546,-1,0.7500030202560509,2,7709
547,-1,1.5000140410190794,2,7722
548,7182,3.7787886368251375,3,7738
549,-1,1.500005262196147,2,7738
550,-1,1.4999883113128754,2,7776
551,-1,2.381099686892844,2,7801
552,-1,1.500004810798465,2,7802
553,7782,3.2426315949815034,3,7813
554,7681,3.884979312937806,3,7815
555,-1,1.500002184090516,2,7845
556,-1,0.7500021231408293,2,7866
557,-1,2.381105499147614,2,7900
558,-1,3.7797689600222144,2,7901
559,-1,5.999999939464033,2,7910
560,-1,3.7797573232038704,2,7928
561,-1,1.4999955596026122,2,7941
562,-1,1.499998928512995,2,7947
563,-1,1.5000039014604116,2,7952
564,-1,1.4999983908289483,2,7953
565,-1,1.5000004223741308,2,7957
566,-1,1.5000113122863992,2,7957
567,-1,1.4999984432158984,2,7963
568,7561,3.9516581841769343,3,7969
569,-1,1.4999978294553693,2,7983
570,7799,3.255660820826268,3,7986
571,-1,1.4999937169161042,2,8002
572,-1,1.5000002028924897,2,8019
573,-1,1.5000061957658521,2,8028
574,-1,1.4999932348575622,2,8028
575,-1,1.5000012150650268,2,8029
576,-1,1.4999962636843978,2,8030
577,7448,3.8215540145904923,3,8037
578,-1,1.5000008166244596,2,8047
579,-1,3.7797650145002173,2,8055
580,-1,1.5000001661828628,2,8065
581,-1,1.5000060975117233,2,8071
582,7804,3.3739494064393964,3,8075
583,-1,1.4999999731517162,2,8079
584,-1,1.4999931430442615,2,8100
585,-1,1.4999970245972587,2,8130
586,-1,1.500004813883461,2,8130
587,-1,1.499995295339026,2,8132
588,-1,1.500005620210768,2,8134
589,-1,2.3811020944513457,2,8162
590,-1,1.5000134966078242,2,8166
591,-1,1.500003986094128,2,8167
592,-1,2.3811041569877056,2,8189
593,-1,1.4999966367575819,2,8203
594,-1,1.499991179806015,2,8209
595,-1,0.7499947634653229,2,8212
596,7629,3.1537278755276543,3,8217
597,-1,1.5000004572211068,2,8222
598,-1,2.3811087051349378,2,8227
599,-1,2.3811017663414002,2,8227
600,-1,5.999998591127058,2,8228
601,-1,1.5000026981360848,2,8231
602,7989,3.4514757664623046,3,8232
603,-1,1.5000028530263838,2,8236
604,-1,1.4999992732771774,2,8237
605,-1,1.499991829795243,2,8245
606,-1,1.49999351831072,2,8245
607,-1,1.500002658554946,2,8247
608,-1,1.4999978939049843,2,8252
609,-1,2.3810995400230426,2,8268
610,-1,3.7797653693041102,2,8286
611,-1,1.4999982796133875,2,8293
612,2970,4.919450271687639,3,8319
613,8146,3.4288201472823596,3,8326
614,8045,3.6616486374162145,3,8330
615,-1,3.7797613516768696,2,8350
616,-1,3.779758201857083,2,8350
617,-1,1.4999877220138083,2,8357
618,-1,0.7500008025279942,2,8365
619,-1,1.4999926342292826,2,8366
620,7912,3.8314073084082834,3,8384
621,-1,1.4999979986640624,2,8386
622,7954,3.1870662414365762,3,8404
623,-1,1.4999965459146194,2,8407
624,8365,3.152273263156777,3,8413
625,-1,1.4999995107499784,2,8416
626,-1,1.500003278581723,2,8417
627,-1,2.381107185258857,2,8418
628,-1,3.7797714399035427,2,8422
629,-1,3.7797689968811383,2,8422
630,-1,1.5000004366350035,2,8423
631,-1,1.5000002686089284,2,8436
632,-1,1.499996018636052,2,8441
633,-1,2.3811043935175906,2,8484
634,-1,2.3811116758187367,2,8484
635,-1,0.7499926165844107,2,8486
636,-1,1.4999987250886573,2,8486
637,8297,3.4163361683322835,3,8515
638,-1,3.7797662538381775,2,8526
639,-1,3.7797617425859906,2,8526
640,-1,3.7797629531350645,2,8526
641,7809,3.0662208358303698,3,8534
642,-1,1.4999947321392295,2,8545
643,-1,1.5000027450756275,2,8549
644,-1,1.499994499365958,2,8553
645,-1,1.50000479863189,2,8554
646,-1,5.999996622654745,2,8559
647,-1,1.499999577334712,2,8572
648,7709,3.2252738835086014,3,8576
649,-1,1.4999950369155814,2,8581
650,-1,1.4999978011651922,2,8586
651,-1,1.4999948245539143,2,8593
652,-1,1.5000000018626451,2,8611
653,-1,1.500001852108419,2,8625
654,-1,2.381106415661466,2,8630
655,-1,1.4999960768761345,2,8636
656,-1,1.4999999562278383,2,8637
657,-1,1.4999884854133356,2,8646
658,-1,2.3810918667478114,2,8647
659,-1,0.75001362870521,2,8665
660,-1,1.4999889048026933,2,8665
661,-1,1.5000113883062418,2,8678
662,-1,2.38110349689962,2,8683
663,8381,3.3433367464145762,3,8686
664,-1,0.7499992850543628,2,8689
665,-1,0.7500024482878321,2,8689
666,-1,0.7500033400645612,2,8689
667,-1,1.5000089105757526,2,8699
668,-1,0.7499857009965685,2,8707
669,-1,1.5000093262352694,2,8707
670,-1,1.4999954394616397,2,8713
671,-1,1.4999949687541834,2,8716
672,-1,1.4999911962366306,2,8726
673,-1,0.7500044940836192,2,8731
674,-1,1.5000104034773654,2,8732
675,-1,1.4999923383194549,2,8745
676,-1,2.3811031890431047,2,8749
677,-1,0.7499983976577987,2,8751
678,-1,0.749999529565537,2,8751
679,-1,1.4999967282796298,2,8778
680,7857,3.705585423889793,3,8782
681,-1,1.500013899071319,2,8784
682,-1,1.1905534958002912,2,8795
683,-1,1.4999969242264337,2,8799
684,-1,1.5000038900517398,2,8799
685,-1,1.5000102758094425,2,8800
686,-1,1.4999992277199587,2,8804
687,-1,1.4999942081373823,2,8805
688,8778,3.0649131974399957,3,8848
689,-1,1.4999981664187554,2,8855
690,-1,2.381095699452753,2,8857
691,-1,2.381102226702473,2,8860
692,-1,1.5000035033209937,2,8907
693,-1,2.381102887322413,2,8910
694,-1,2.3811122669617295,2,8910
695,-1,2.381108249437928,2,8910
696,-1,1.5000007928587695,2,8922
697,-1,1.4999961988991084,2,8924
698,-1,3.7797684337253665,2,8936
699,-1,0.7500009965144928,2,8945
700,8580,3.692321346470363,3,8951
701,-1,3.7797623586789495,2,8953
702,-1,3.7797686483915016,2,8953
703,-1,2.3811006042421994,2,8964
704,8608,3.423347651109265,3,8975
705,-1,2.3810990185960623,2,8976
706,-1,2.3810921218640146,2,8976
707,-1,2.381094336064211,2,8976
708,-1,1.500001480957383,2,8980
709,8930,3.4370007905466275,3,8980
710,-1,1.499996135394388,2,8996
711,-1,1.4999932197235022,2,8996
712,-1,1.49998600875332,2,8998
713,-1,1.500002039051781,2,9008
714,-1,1.4999959357803887,2,9011
715,-1,1.4999945570088056,2,9042
716,8907,3.3906757878560354,3,9044
717,-1,1.4999988275420306,2,9068
718,-1,1.5000064210819852,2,9072
719,-1,1.4999990183517307,2,9072
720,-1,1.4999848032997394,2,9091
721,-1,1.4999954207781363,2,9102
722,-1,1.4999913386799006,2,9111
723,-1,6.0000084863023115,2,9115
724,-1,3.779760839393978,2,9120
725,9112,3.016887846980253,3,9152
726,-1,2.381106974305299,2,9154
727,-1,2.381100896466028,2,9154
728,-1,2.3810966924387524,2,9158
729,-1,2.3810995824607892,2,9158
730,-1,1.4999863239749642,2,9162
731,-1,3.779770573057344,2,9211
732,-1,1.500004429829285,2,9227
733,-1,3.779756284091772,2,9241
734,-1,1.4999924849562085,2,9248
735,-1,1.5000035853547966,2,9260
736,-1,2.3811077962161407,2,9273
737,-1,2.381099562513093,2,9273
738,8565,3.2472324398623584,3,9300
739,-1,1.5000016243810816,2,9312
740,-1,1.5000058864103765,2,9316
741,-1,1.4999866838325138,2,9318
742,-1,2.381098552269614,2,9334
743,-1,1.500002423687432,2,9338
744,-1,1.4999898287006392,2,9353
745,-1,2.381104421657597,2,9356
746,8999,3.2058797867073343,3,9361
747,-1,5.999998120396724,2,9366
748,-1,1.5000016624874846,2,9374
749,-1,1.4999861978341698,2,9374
750,-1,1.4999918682901185,2,9396
751,-1,1.500000099961953,2,9401
752,-1,1.4999996372158588,2,9401
753,-1,9.524388070818102,2,9414
754,-1,1.500006758980747,2,9426
755,-1,1.5000060164847315,2,9433
756,-1,1.5000016256589201,2,9435
757,9104,4.2039209771504105,3,9442
758,-1,1.5000041900518708,2,9457
759,6753,3.5435205754722423,3,9457
760,-1,3.7797584481004716,2,9472
761,-1,1.5000011057814406,2,9477
762,-1,1.5000017755654376,2,9483
763,-1,1.4999970059501548,2,9491
764,-1,1.5000034651562595,2,9512
765,9458,3.995984414475823,3,9516
766,-1,1.5000036558247014,2,9539
767,-1,2.3810917224198898,2,9545
768,-1,2.3810991668596952,2,9552
769,-1,0.749998329981544,2,9562
770,-1,3.779758346985146,2,9564
771,9336,3.343528963871428,3,9567
772,-1,3.779756152322996,2,9591
773,-1,1.5000009278310407,2,9593
774,-1,3.779768232681723,2,9602
775,-1,3.779769606189307,2,9602
776,-1,1.500005179774386,2,9612
777,-1,1.5000005899151247,2,9619
778,-1,1.4999921518065933,2,9630
779,-1,1.5000029051803478,2,9631
780,-1,1.500004030026243,2,9632
781,-1,1.5000001790467543,2,9632
782,-1,1.500000493833714,2,9632
783,-1,1.4999959902823086,2,9645
784,-1,2.3811111269175735,2,9651
785,9319,3.987030546433001,3,9656
786,9584,3.3252070534011224,3,9662
787,-1,1.5000004433870902,2,9666
788,-1,1.4999959005452554,2,9666
789,-1,1.5000026878190986,2,9667
790,-1,1.4999952705088333,2,9667
791,7980,3.830000540309711,3,9667
792,-1,1.4999895677539032,2,9689
793,9653,3.287815109888526,3,9695
794,9425,4.1501401807586875,3,9697
795,-1,1.5000003435027702,2,9713
796,-1,1.4999926052999328,2,9714
797,-1,3.7797663756583284,2,9726
798,-1,3.7797640394688576,2,9741
799,-1,1.499997631276174,2,9745
800,-1,1.5000009393355351,2,9745
801,-1,1.4999949378846167,2,9761
802,-1,1.500002905665411,2,9761
803,-1,1.499986631106818,2,9763
804,-1,1.4999936057417305,2,9763
805,-1,1.500001482714525,2,9777
806,-1,1.499997517232933,2,9777
807,-1,5.999991464597156,2,9780
808,-1,1.5000031714216497,2,9783
809,-1,1.5000014628742206,2,9783
810,-1,3.7797615296988347,2,9788
811,-1,3.7797682409360136,2,9788
812,-1,1.5000053434636262,2,9789
813,-1,3.779763683740851,2,9802
814,-1,3.779772680157608,2,9802
815,-1,1.500002336473092,2,9810
816,-1,1.5000015869728276,2,9812
817,-1,0.749997699823739,2,9814
818,-1,0.7499991970830956,2,9814
819,-1,1.4999987738357192,2,9816
820,-1,1.4999981604815669,2,9816
821,-1,6.000002236609551,2,9818
822,-1,1.4999955897154644,2,9820
823,-1,0.7499951692530532,2,9820
824,-1,6.000010935579706,2,9835
825,-1,2.381108573183438,2,9843
826,-1,2.3811079941278877,2,9843
827,-1,1.5000093402625947,2,9857
828,-1,1.4999853939293442,2,9857
829,-1,5.999995879458867,2,9879
830,-1,3.779762395754017,2,9882
831,-1,1.4999967770677598,2,9893
832,-1,1.500010471891506,2,9893
833,-1,3.7797500494478617,2,9895
834,-1,1.4999996799548436,2,9897
835,-1,2.3810960353495036,2,9907
836,9700,3.7603415167175434,3,9912
837,-1,5.999989607769844,2,9925
838,-1,5.9999895025108065,2,9925
839,-1,6.000005875963479,2,9925
840,9765,3.3260196485247193,3,9935
841,-1,3.7797616142438657,2,9949
842,9685,3.175519997533123,3,9962
843,-1,2.3811041068311325,2,9980
844,-1,1.5000092906900115,2,9983
845,-1,1.5000038290502682,2,9983
846,9621,3.3197395607838622,3,9995
847,-1,3.7797591136505333,2,10012
848,-1,3.7797666692940775,2,10014
849,-1,1.4999994985797225,2,10021
850,-1,5.999997764534366,2,10036
851,-1,1.4999943366167325,2,10048
852,-1,1.5000018489655125,2,10049
853,-1,1.4999976645516055,2,10056
854,-1,6.000011144467214,2,10057
855,-1,5.999994074166154,2,10057
856,8208,3.1210119135772185,3,10063
857,-1,2.3811042678180194,2,10068
858,-1,1.5000130461475725,2,10072
859,-1,1.4999931051703033,2,10094
860,-1,1.5000017823175182,2,10094
861,-1,1.4999994155173604,2,10094
862,-1,1.4999891867626618,2,10112
863,-1,2.381099790102609,2,10115
864,-1,2.3811108712656037,2,10115
865,-1,2.381098703197465,2,10115
866,-1,3.7797632201062967,2,10116
867,-1,3.7797632201062967,2,10116
868,-1,2.3810966873540393,2,10118
869,-1,6.000001750478732,2,10119
870,-1,1.4999994679818849,2,10120
871,-1,3.779762975557199,2,10125
872,-1,3.7797589123747044,2,10125
873,-1,3.779761564102041,2,10127
874,-1,1.49999986449741,2,10128
875,-1,3.779757016038634,2,10131
876,-1,2.38108968525381,2,10136
877,-1,2.381105574731436,2,10136
878,-1,2.3810919870915455,2,10137
879,-1,1.5000106740052699,2,10155
880,-1,2.381108783757947,2,10169
881,-1,2.3811006627651943,2,10169
882,9912,3.977126327519736,3,10172
883,-1,2.381092361530458,2,10176
884,-1,3.7797627279454464,2,10181
885,-1,3.7797743129784127,2,10181
886,-1,2.381104519901633,2,10187
887,-1,2.3811108579794253,2,10187
888,-1,2.381101005053793,2,10187
889,-1,1.500001488529222,2,10203
890,-1,2.3810954686848986,2,10206
891,-1,5.999989002118053,2,10207
892,-1,5.999997513775664,2,10207
893,-1,1.5000012327019339,2,10218
894,-1,3.779768030851987,2,10219
895,-1,1.499996358388495,2,10220
896,-1,3.779768666374732,2,10222
897,-1,1.4999875423446802,2,10224
898,-1,1.5000023542264007,2,10236
899,-1,1.500003027823647,2,10236
900,-1,2.381101605977709,2,10237
901,-1,9.524405463761418,2,10239
902,-1,3.7797539134003895,2,10241
903,-1,3.7797662573666577,2,10244
904,-1,3.7797580899310645,2,10244
905,-1,1.4999932854511608,2,10247
906,-1,2.3810996044130333,2,10250
907,-1,2.3810962382369363,2,10250
908,-1,5.999995740769316,2,10252
909,-1,1.4999986422380889,2,10269
910,-1,1.5000005063656372,2,10269
911,-1,3.7797612900775714,2,10270
912,-1,3.779767562852123,2,10270
913,-1,1.4999984876283892,2,10272
914,-1,1.500001645180426,2,10274
915,10087,3.984968828500749,3,10275
916,-1,3.779759033317782,2,10277
917,-1,2.381099772746159,2,10294
918,-1,2.38109457343253,2,10294
919,-1,1.500003979865925,2,10296
920,-1,3.7797573209554938,2,10297
921,-1,1.4999934131290185,2,10312
922,-1,1.4999998965571766,2,10316
923,10049,3.4603684636953553,3,10316
924,-1,1.500002660572808,2,10323
925,-1,1.4999944384465655,2,10323
926,9349,3.457847375749413,3,10330
927,-1,9.52440386537616,2,10332
928,-1,9.524404585427238,2,10332
929,-1,3.7797569678140284,2,10341
930,-1,15.119043380465655,2,10347
931,-1,2.381109634709541,2,10350
932,-1,2.3810941750766523,2,10350
933,-1,2.381097266375671,2,10354
934,-1,2.381106942464865,2,10354
935,-1,3.779758609059556,2,10355
936,-1,1.4999981115919214,2,10357
937,-1,1.1905509732026462,2,10358
938,-1,2.381100087460135,2,10363
939,-1,1.4999935870736656,2,10365
940,-1,1.500002642858308,2,10366
941,-1,2.3811091321078894,2,10375
942,-1,2.3811014647794253,2,10375
943,-1,1.5000002107311203,2,10376
944,-1,1.499995101700921,2,10389
945,-1,2.381103798070207,2,10399
946,-1,2.3811036445514384,2,10399
947,-1,3.779771070678321,2,10400
948,-1,5.999997916417611,2,10405
949,-1,2.381091205302592,2,10408
950,-1,2.3811033775558754,2,10416
951,-1,3.7797649932176807,2,10419
952,-1,3.7797673417495017,2,10419
953,-1,3.779769930732183,2,10419
954,-1,1.4999976425102701,2,10422
955,-1,1.500001389144587,2,10424
956,-1,2.381106979720006,2,10428
957,-1,2.3811046749481983,2,10434
958,10323,3.1235552148009864,3,10436
959,-1,5.99999931313501,2,10438
960,-1,3.7797607310330976,2,10452
961,-1,3.779763769818115,2,10452
962,-1,6.000005575689846,2,10456
963,-1,2.381100409657509,2,10458
964,-1,2.381097736829163,2,10458
965,-1,1.4999981100348645,2,10459
966,-1,1.499999588685209,2,10460
967,-1,1.5000007253885455,2,10460
968,-1,2.3811076864509033,2,10461
969,-1,2.3811076864509033,2,10461
970,-1,3.7797632821983576,2,10464
971,-1,2.381112478660408,2,10470
972,-1,3.7797666142012827,2,10471
973,-1,3.779769598089017,2,10471
974,-1,3.7797541230848046,2,10473
975,-1,3.779772065473486,2,10473
976,-1,5.999997997699256,2,10492
977,-1,2.381106713800425,2,10495
978,-1,2.3810893023440034,2,10505
979,-1,3.779762756026324,2,10506
980,10499,4.125057225012574,3,10509
981,-1,6.000010222115112,2,10510
982,-1,2.381102606738026,2,10517
983,-1,0.7499990815328075,2,10520
984,-1,3.7797554188359817,2,10526
985,-1,3.779754751283289,2,10526
986,-1,3.7797647997883685,2,10531
987,-1,2.381096244201697,2,10535
988,10483,3.9672038543928614,3,10540
989,-1,2.3811095603460153,2,10550
990,-1,2.381095780123714,2,10550
991,-1,6.000012293368084,2,10552
992,-1,2.381108678788488,2,10554
993,-1,2.381101066510261,2,10554
994,-1,1.500003706038387,2,10555
995,-1,1.4999965380844773,2,10560
996,-1,2.3811011408251606,2,10561
997,-1,2.3811071141220777,2,10562
998,-1,3.77976462849077,2,10564
999,-1,3.7797664483548163,2,10564
1000,-1,3.7797673883107965,2,10565
1001,-1,2.381105470975058,2,10569
1002,-1,6.000002234358856,2,10572
1003,-1,2.381109535215934,2,10574
1004,-1,6.000004905071481,2,10578
1005,-1,5.999998837786925,2,10578
1006,-1,3.779754529887321,2,10582
1007,-1,3.7797664885311892,2,10582
1008,10454,3.301899990255806,3,10585
1009,-1,2.3810950605019787,2,10586
1010,-1,3.779758743777315,2,10588
1011,-1,3.779755616531532,2,10588
1012,-1,1.4999959223064911,2,10590
1013,-1,3.779774520259813,2,10592
1014,-1,3.779762746832482,2,10592
1015,-1,1.4999987133433568,2,10597
1016,-1,5.999995415562875,2,10598
1017,-1,3.77976364804408,2,10599
1018,-1,6.000006367643659,2,10601
1019,-1,2.381101563344433,2,10605
1020,-1,1.500002228051787,2,10608
1021,-1,1.5000117274850886,2,10610
1022,-1,3.779762149295288,2,10622
1023,10226,3.307571027185606,3,10623
1024,-1,1.50000545080891,2,10625
1025,-1,1.5000033228206606,2,10625
1026,-1,1.4999941303208837,2,10626
1027,-1,3.7797705292526502,2,10630
1028,-1,3.779754864803291,2,10630
1029,-1,2.381099499406501,2,10633
1030,-1,3.7797510968275225,2,10642
1031,-1,3.7797600142018877,2,10645
1032,-1,3.779762142488567,2,10645
1033,-1,1.5000042612889606,2,10647
1034,-1,3.7797599356011555,2,10652
1035,-1,2.3810985801309035,2,10653
1036,-1,2.3810958451994804,2,10653
1037,-1,1.4999972864512843,2,10658
1038,-1,2.381097741356158,2,10662
1039,-1,2.381094638886809,2,10673
1040,-1,2.3811079601973666,2,10674
1041,10561,5.1076464398964925,3,10678
1042,-1,3.779765648225422,2,10679
1043,-1,3.7797633155851593,2,10681
1044,-1,9.52440307833485,2,10683
1045,8897,4.32932703019724,3,10686
1046,-1,1.4999958228572163,2,10690
1047,-1,1.5000016495459956,2,10693
1048,-1,2.381097597321941,2,10694
1049,-1,1.4999941615669046,2,10695
1050,-1,2.381096141676259,2,10698
1051,-1,1.499998586639717,2,10704
1052,-1,1.500003894882963,2,10704
1053,-1,1.500003376661414,2,10712
1054,-1,2.3810939591105607,2,10715
1055,-1,2.3811021400180934,2,10715
1056,-1,3.779758174442004,2,10718
1057,-1,6.000002135289453,2,10727
1058,-1,5.999995589414737,2,10727
1059,-1,5.999987132309642,2,10727
1060,-1,1.4999966352247769,2,10730
1061,-1,1.499998863009926,2,10730
1062,-1,2.3810996258274715,2,10732
1063,-1,3.7797631483816496,2,10733
1064,-1,3.779758860053767,2,10734
1065,-1,1.5000115773774167,2,10735
1066,-1,1.5000125989883393,2,10735
1067,10585,3.2430198405033708,3,10736
1068,-1,0.7500011085834853,2,10736
1069,-1,2.381098787290724,2,10738
1070,-1,15.119052238476595,2,10744
1071,-1,15.119053380153082,2,10744
1072,-1,2.3811023243996274,2,10746
1073,-1,2.381103783512814,2,10746
1074,-1,1.5000038663030755,2,10747
1075,-1,3.7797713980469316,2,10748
1076,-1,1.5000121675837568,2,10751
1077,-1,5.999995502505784,2,10756
1078,-1,6.000000802431357,2,10761
1079,-1,6.000001341303234,2,10770
1080,-1,3.779767735583273,2,10771
1081,-1,2.3810953796809824,2,10772
1082,-1,3.779755269850144,2,10774
1083,-1,3.7797536148972948,2,10785
1084,-1,3.7797723149576252,2,10785
1085,10737,3.828503641200523,3,10787
1086,-1,1.4999893693031912,2,10795
1087,-1,1.5000071454778243,2,10795
1088,-1,1.500014464999653,2,10795
1089,-1,1.4999943111604856,2,10798
1090,-1,2.381095741401653,2,10803
1091,-1,3.7797593009125037,2,10804
1092,-1,3.779756388564319,2,10804
1093,-1,3.7797623611737206,2,10807
1094,-1,3.779758714094133,2,10809
1095,-1,2.3810990555579785,2,10810
1096,-1,2.3810920721901834,2,10810
1097,10688,3.035793423254242,3,10816
1098,-1,3.779763330030187,2,10818
1099,-1,3.7797615822738324,2,10818
1100,-1,5.999995467193109,2,10829
1101,-1,5.999998539317376,2,10829
1102,-1,3.7797672523690617,2,10831
1103,-1,3.7797591824646886,2,10831
1104,-1,3.7797631310722553,2,10832
1105,-1,2.381117194941062,2,10834
1106,-1,3.7797662838985957,2,10835
1107,-1,3.779757106406831,2,10835
1108,-1,6.00000866511599,2,10838
1109,3792,5.6053047988239975,3,10842
1110,-1,2.3811057877507746,2,10843
1111,-1,2.381103636337695,2,10843
1112,-1,2.38109982730897,2,10846
1113,-1,2.3810924614648057,2,10848
1114,-1,1.5000033997115958,2,10852
1115,-1,6.0000069306318125,2,10855
1116,-1,5.999998493197495,2,10856
1117,-1,5.999993938406351,2,10856
1118,-1,3.779768957919661,2,10863
1119,-1,3.779755905032268,2,10863
1120,-1,3.779747175103278,2,10864
1121,-1,2.3810953325342985,2,10866
1122,-1,3.7797635200408157,2,10874
1123,-1,6.000004621473068,2,10875
1124,-1,6.000003807386146,2,10877
1125,-1,1.1905414449236698,2,10878
1126,-1,2.3810995967493045,2,10882
1127,-1,2.381105160389945,2,10885
1128,-1,5.999996457577724,2,10888
1129,-1,2.3811022895278677,2,10892
1130,-1,3.779759388137155,2,10894
1131,-1,3.7797645743043393,2,10899
1132,-1,2.381101712499972,2,10902
1133,-1,2.381106103069749,2,10902
1134,-1,2.381098648976868,2,10906
1135,-1,2.3811039950044592,2,10906
1136,-1,1.5000069990291198,2,10909
1137,-1,6.0000081509684415,2,10910
1138,-1,3.7797704170267012,2,10912
1139,-1,3.779757146413694,2,10913
1140,-1,3.7797570590426925,2,10916
1141,-1,3.779762752198236,2,10917
1142,-1,3.779762497146431,2,10919
1143,-1,3.779757989246925,2,10919
1144,-1,2.381109796050515,2,10920
1145,-1,1.4999997827689937,2,10925
1146,-1,6.0000048320209265,2,10926
1147,-1,6.000000371059275,2,10926
1148,-1,3.7797545501227265,2,10927
1149,-1,1.499988541568626,2,10928
1150,-1,1.499996940598452,2,10928
1151,-1,2.381104203733726,2,10933
1152,-1,1.499996289626889,2,10936
1153,-1,2.3811031700610426,2,10937
1154,-1,2.381103517238414,2,10937
1155,-1,3.779759820910919,2,10940
1156,-1,2.381101612626935,2,10944
1157,-1,2.3810964489225417,2,10944
1158,-1,2.3811078790867977,2,10944
1159,-1,3.7797738355315653,2,10947
1160,-1,3.779752167243191,2,10947
1161,-1,5.999999333818135,2,10950
1162,-1,2.381094368381506,2,10951
1163,-1,1.5000057835796488,2,10953
1164,-1,5.999998507481492,2,10956
1165,-1,1.5000024081654142,2,10958
1166,-1,1.5000061784588457,2,10958
1167,-1,5.999996595471752,2,10959
1168,-1,5.999989447082465,2,10961
1169,-1,2.3811114680859484,2,10962
1170,-1,2.3811127870009217,2,10962
1171,-1,1.5000086503062346,2,10964
1172,-1,2.381102666892386,2,10965
1173,-1,5.9999937231541995,2,10973
1174,-1,3.779769575944599,2,10974
1175,-1,3.77976383920631,2,10974
1176,-1,2.3811097391411544,2,10981
1177,-1,6.000010580610623,2,10988
1178,-1,1.4999980952455525,2,10990
1179,-1,3.779757835556538,2,10993
1180,-1,5.999995103511358,2,10994
1181,-1,3.7797611507091564,2,10996
1182,-1,2.3811021910117813,2,10998
1183,-1,2.3811026348963877,2,10998
1184,-1,3.7797599667704116,2,11004
1185,-1,1.499992440343526,2,11005
1186,-1,2.381103201351499,2,11006
1187,-1,2.381112798164037,2,11006
1188,-1,6.000000308695833,2,11008
1189,-1,3.77977482649916,2,11009
1190,-1,3.7797700356894457,2,11010
1191,-1,2.381111914419829,2,11011
1192,-1,1.4999986078273253,2,11014
1193,-1,1.4999990960735587,2,11014
1194,-1,1.500000558658305,2,11016
1195,-1,6.0000008538141625,2,11020
1196,-1,2.381097347831898,2,11022
1197,-1,1.4999970154380227,2,11023
1198,-1,3.77975978259614,2,11025
1199,-1,3.7797698842036436,2,11026
1200,-1,3.779768178228043,2,11029
1201,-1,2.3811036974640785,2,11033
1202,-1,2.3811039779536105,2,11033
1203,-1,5.9999985125660995,2,11037
1204,-1,5.9999985125660995,2,11037
1205,-1,2.381101660931609,2,11038
1206,11332,6.496896337528049,3,11038
1207,-1,2.3811093816975357,2,11041
1208,-1,2.38110521494041,2,11041
1209,-1,3.7797508784266145,2,11044
1210,-1,9.52439932229065,2,11045
1211,-1,9.524403311326756,2,11045
1212,-1,1.5000046609518036,2,11046
1213,-1,1.499996928650225,2,11049
1214,-1,2.381105920343936,2,11051
1215,-1,3.779764983816097,2,11054
1216,-1,3.7797695741885415,2,11054
1217,-1,3.779760191515524,2,11063
1218,-1,2.3810981905707607,2,11064
1219,-1,2.381108458582397,2,11064
1220,-1,1.4999951969289622,2,11066
1221,-1,1.499993668622945,2,11066
1222,-1,5.999998127207023,2,11067
1223,-1,1.5000023563218732,2,11072
1224,-1,1.500011470202584,2,11072
1225,-1,2.381098258334297,2,11073
1226,-1,1.4999908006069744,2,11074
1227,-1,2.381093340938224,2,11075
1228,8450,5.118991714250585,3,11075
1229,-1,6.000008495324486,2,11076
1230,-1,2.3810917885701883,2,11078
1231,-1,2.381094602144072,2,11078
1232,-1,2.381100899839534,2,11081
1233,-1,2.3810962736832595,2,11081
1234,-1,3.7797687274463465,2,11083
1235,-1,3.779761528197352,2,11084
1236,-1,1.5000039664976008,2,11086
1237,-1,2.381101856985994,2,11088
1238,6465,4.559514635818962,3,11088
1239,-1,3.7797649775329747,2,11092
1240,-1,3.7797630734076395,2,11092
1241,-1,3.779756070157119,2,11094
1242,-1,3.779751634868007,2,11099
1243,-1,3.7797659535672756,2,11102
1244,-1,2.3811003394952994,2,11107
1245,-1,2.381105786235145,2,11114
1246,-1,2.3810948731863912,2,11114
1247,-1,2.3811037492277713,2,11115
1248,-1,2.3811041956177674,2,11115
1249,-1,2.381097275616157,2,11117
1250,-1,5.999989198127856,2,11118
1251,-1,3.7797595001016346,2,11120
1252,-1,3.7797599225497995,2,11120
1253,-1,3.7797685402772423,2,11121
1254,-1,5.999999499685731,2,11122
1255,-1,2.3811123639251046,2,11124
1256,-1,2.381107778407505,2,11125
1257,-1,2.381095936772044,2,11128
1258,-1,1.1905481228342205,2,11131
1259,-1,2.381109011199908,2,11131
1260,-1,2.381105879971959,2,11133
1261,-1,3.7797621390082075,2,11135
1262,-1,3.7797699769315507,2,11135
1263,6245,4.495496729645865,3,11141
1264,-1,3.7797693443312563,2,11142
1265,-1,6.000003813861744,2,11144
1266,-1,2.3810989581295927,2,11147
1267,-1,2.3811044700324953,2,11149
1268,-1,1.4999928900546695,2,11151
1269,-1,3.779758531906379,2,11154
1270,-1,3.7797589482332183,2,11154
1271,-1,9.5244030621518,2,11155
1272,-1,9.5244030621518,2,11155
1273,-1,9.524399203923789,2,11155
1274,-1,3.7797575917154846,2,11156
1275,-1,5.999988770897392,2,11157
1276,-1,5.999991566869373,2,11157
1277,-1,3.7797586677021293,2,11158
1278,-1,3.7797751311681864,2,11158
1279,-1,2.381102740856163,2,11163
1280,-1,3.7797536792301925,2,11165
1281,-1,3.7797606572063267,2,11168
1282,-1,1.4999963080193426,2,11170
1283,-1,2.381102897785161,2,11171
1284,-1,1.5000017317157177,2,11173
1285,-1,6.0000051018217,2,11176
1286,-1,6.000003196472847,2,11176
1287,-1,3.779768345808625,2,11178
1288,-1,5.999996879699915,2,11181
1289,-1,5.9999935257184545,2,11186
1290,-1,3.7797589363368465,2,11188
1291,-1,2.381096662663846,2,11190
1292,-1,3.779766857664459,2,11195
1293,-1,1.4999995965044404,2,11197
1294,-1,1.5000093754398387,2,11199
1295,-1,2.381099212450551,2,11200
1296,-1,1.4999966707140213,2,11209
1297,-1,1.4999983790326046,2,11209
1298,-1,3.7797652017541954,2,11212
1299,-1,3.7797547882660316,2,11212
1300,-1,2.3811040873601645,2,11213
1301,-1,3.7797574663607874,2,11214
1302,-1,3.7797622664263253,2,11217
1303,-1,2.381088051099886,2,11220
1304,11006,5.22538963470471,3,11220
1305,-1,2.3811033176762124,2,11220
1306,-1,5.999999061716686,2,11221
1307,-1,6.000001930752653,2,11221
1308,-1,3.779767049954081,2,11223
1309,-1,3.779768038736683,2,11224
1310,-1,3.7797626659669503,2,11224
1311,-1,6.000003220595059,2,11225
1312,-1,2.381098459571454,2,11226
1313,-1,3.779763017567902,2,11228
1314,-1,2.3811096090416575,2,11232
1315,-1,2.3810989080036586,2,11232
1316,-1,1.5000046841571855,2,11233
1317,-1,1.4999921417123618,2,11233
1318,-1,3.779768646874622,2,11240
1319,-1,5.999996898035338,2,11241
1320,-1,3.7797613671690926,2,11242
1321,-1,3.7797633617538087,2,11242
1322,-1,2.3811075771222443,2,11249
1323,-1,1.499996209221293,2,11250
1324,-1,1.50000010168878,2,11250
1325,-1,2.3810962015194335,2,11256
1326,-1,2.3810962015194335,2,11256
1327,-1,3.7797755905432444,2,11257
1328,-1,3.779770531285422,2,11257
1329,-1,3.779762139816698,2,11258
1330,-1,3.7797581732518855,2,11262
1331,-1,3.779764591837024,2,11265
1332,-1,3.779765272015822,2,11265
1333,-1,2.3811014937842327,2,11268
1334,-1,1.5000022489095013,2,11271
1335,-1,6.0000112559083005,2,11273
1336,-1,3.7797581586759392,2,11275
1337,-1,3.7797588836386136,2,11276
1338,-1,3.7797571689590623,2,11277
1339,-1,2.381098281374388,2,11278
1340,-1,6.000003052214937,2,11281
1341,-1,6.000005834539068,2,11281
1342,-1,6.000002841197717,2,11285
1343,-1,2.381101517777674,2,11288
1344,-1,2.3810971876115277,2,11289
1345,-1,2.3811063423734478,2,11289
1346,-1,2.3811098609780315,2,11294
1347,-1,2.381097504428178,2,11294
1348,-1,2.381103103532152,2,11296
1349,-1,2.3810982246603176,2,11296
1350,-1,3.7797625914549253,2,11300
1351,-1,3.779763055759449,2,11300
1352,-1,3.779776687314444,2,11302
1353,-1,3.7797657251320564,2,11302
1354,-1,3.7797725251261127,2,11302
1355,-1,2.3810966816337373,2,11303
1356,-1,2.3811065236133926,2,11303
1357,-1,5.999999094972668,2,11304
1358,-1,3.779763453944807,2,11307
1359,-1,3.779761583629017,2,11309
1360,-1,6.000000914345271,2,11310
1361,-1,5.999991422590567,2,11311
1362,-1,5.999995667136573,2,11311
1363,-1,2.381097906413688,2,11313
1364,-1,2.381101329203642,2,11313
1365,10275,3.4199573201275717,3,11314
1366,-1,1.4999967938410002,2,11314
1367,-1,2.3811011954857233,2,11321
1368,-1,5.999996250901597,2,11323
1369,-1,3.779766227042518,2,11326
1370,-1,3.7797548713020275,2,11326
1371,-1,2.3811007582500774,2,11330
1372,-1,2.3811077442936393,2,11330
1373,11238,3.427977552202837,3,11331
1374,-1,3.7797567871969746,2,11333
1375,-1,3.7797682559662147,2,11338
1376,-1,3.779761002693734,2,11340
1377,-1,1.4999884497705707,2,11341
1378,-1,2.381098823140364,2,11344
1379,-1,5.999997573768384,2,11347
1380,-1,6.000001932765667,2,11347
1381,-1,5.9999962355202126,2,11352
1382,-1,2.381101600746332,2,11356
1383,-1,2.381095667086585,2,11356
1384,-1,1.499991789204879,2,11360
1385,-1,1.499984559368344,2,11360
1386,-1,3.7797637965906925,2,11361
1387,-1,3.779758090647157,2,11362
1388,-1,3.779759037760153,2,11367
1389,-1,3.7797650496425823,2,11367
1390,-1,3.779761766517315,2,11370
1391,-1,3.7797593668545866,2,11371
1392,-1,3.779755057257146,2,11380
1393,-1,6.000001592605047,2,11384
1394,-1,2.3811015514149383,2,11387
1395,-1,2.381092893030555,2,11387
1396,-1,2.3810935712540378,2,11387
1397,-1,1.4999959413683392,2,11390
1398,-1,1.4999952125286653,2,11390
1399,-1,3.779758373288067,2,11394
1400,-1,2.38109663059104,2,11395
1401,-1,2.381091690004776,2,11395
1402,-1,2.3810981791301633,2,11399
1403,-1,3.7797557335395733,2,11400
1404,-1,3.779772624208288,2,11400
1405,-1,3.7797576362826204,2,11410
1406,-1,3.779771265947587,2,11411
1407,-1,3.7797650869024206,2,11411
1408,-1,3.7797580316888784,2,11411
1409,-1,1.4999960265069725,2,11414
1410,-1,2.381099849517892,2,11417
1411,-1,2.381100052759462,2,11417
1412,-1,2.3811152597828285,2,11418
1413,-1,2.381100000237872,2,11422
1414,-1,3.77976082143008,2,11423
1415,-1,2.3811125196311895,2,11424
1416,-1,3.7797552320281147,2,11426
1417,-1,3.7797634459600022,2,11426
1418,-1,5.999996795492788,2,11427
1419,-1,5.999994935116455,2,11428
1420,-1,1.5000033180658328,2,11429
1421,-1,3.7797586292333407,2,11430
1422,-1,3.7797601598534754,2,11430
1423,11390,3.1882295695521665,3,11433
1424,-1,3.7797607085262506,2,11435
1425,-1,2.3811024413355257,2,11437
1426,-1,3.7797679063061254,2,11438
1427,-1,3.779766180319511,2,11438
1428,-1,1.4999993134792875,2,11439
1429,-1,1.5000070633083988,2,11439
1430,9539,4.301117188557576,3,11440
1431,-1,2.3811007653882204,2,11440
1432,-1,3.77975603809464,2,11453
1433,-1,2.381104122170784,2,11454
1434,-1,2.381100548701578,2,11458
1435,-1,2.381105564280923,2,11459
1436,-1,3.7797629786448623,2,11467
1437,-1,0.7499991634002257,2,11468
1438,11385,3.320443710735918,3,11468
1439,-1,3.7797539299706333,2,11469
1440,-1,1.4999926677764623,2,11470
1441,-1,3.7797622528436836,2,11471
1442,-1,3.7797687910474966,2,11471
1443,-1,2.381101570971487,2,11476
1444,-1,1.500006470970511,2,11479
1445,-1,1.5000040672353896,2,11480
1446,-1,1.5000007960477595,2,11483
1447,-1,2.3810960616897914,2,11487
1448,11009,7.190903002263154,3,11487
1449,-1,2.381105107770685,2,11487
1450,-1,3.779761507746386,2,11488
1451,-1,3.779764987912446,2,11488
1452,-1,1.4999964182843222,2,11491
1453,-1,1.5000031973046013,2,11495
1454,-1,3.7797691891629515,2,11496
1455,-1,3.779754485235449,2,11496
1456,-1,2.3810990419172717,2,11498
1457,-1,2.381101809756934,2,11498
1458,-1,1.50000154762449,2,11507
1459,-1,6.000002698433794,2,11508
1460,11412,3.2553643946060564,3,11510
1461,-1,2.381093844655491,2,11513
1462,-1,3.779750611700908,2,11519
1463,-1,3.7797598896249625,2,11519
1464,-1,1.5000057711620622,2,11523
1465,-1,1.499993236176942,2,11523
1466,-1,1.5000079846728418,2,11523
1467,-1,3.779764979873746,2,11527
1468,-1,1.5000024678475723,2,11540
1469,-1,1.5000019191441578,2,11543
1470,-1,1.5000034500029,2,11543
1471,-1,3.7797633246094517,2,11545
1472,-1,3.7797638263662336,2,11545
1473,-1,2.381107978274903,2,11546
1474,-1,2.3810952750867855,2,11556
1475,-1,2.381099414286547,2,11556
1476,-1,1.4999954379094307,2,11560
1477,-1,2.3811029867185147,2,11563
1478,-1,2.3810946784515026,2,11565
1479,-1,1.5000063988709311,2,11575
1480,-1,1.499999962591876,2,11579
1481,-1,1.4999964661893408,2,11589
1482,-1,1.499996645760387,2,11591
1483,-1,3.779768257321397,2,11598
1484,-1,5.999991526729071,2,11599
1485,-1,2.3810974805202565,2,11605
1486,-1,1.5000036391385458,2,11608
1487,-1,1.4999971621022101,2,11610
1488,-1,1.5000004039611123,2,11613
1489,-1,1.4999891914193082,2,11614
1490,-1,1.4999961794771028,2,11616
1491,-1,1.500001645180426,2,11624
1492,-1,1.5000010562940507,2,11627
1493,-1,1.500003830932311,2,11631
1494,-1,2.381101185035191,2,11633
1495,-1,1.499994239293153,2,11634
1496,-1,2.3811041026142563,2,11635
1497,-1,2.3811041026142563,2,11635
1498,-1,1.5000060646051256,2,11638
1499,-1,1.4999875255031236,2,11639
1500,-1,1.5000044094372613,2,11640
1501,-1,1.4999846465255096,2,11641
1502,-1,2.3810982850779143,2,11643
1503,-1,2.3811042309172983,2,11643
1504,-1,2.3811009455529786,2,11643
1505,-1,1.4999993276625607,2,11646
1506,-1,1.4999995399265775,2,11646
1507,-1,1.4999992164664717,2,11649
1508,-1,2.3811029659396943,2,11650
1509,-1,2.3811027011563883,2,11650
1510,-1,0.750000159100923,2,11652
1511,-1,1.5000009251910824,2,11655
1512,-1,1.4999986567994155,2,11656
1513,-1,1.4999958544446612,2,11658
1514,-1,1.499993308199544,2,11659
1515,-1,1.4999992308049663,2,11660
1516,-1,1.4999968897092195,2,11660
1517,-1,1.500003625323961,2,11661
1518,-1,1.4999883680657857,2,11663
1519,-1,1.4999984338250527,2,11664
1520,-1,1.4999947477195348,2,11666
1521,-1,1.5000068161792164,2,11667
1522,-1,1.500007143615188,2,11667
1523,-1,1.4999980576479028,2,11668
1524,-1,1.4999975114458086,2,11669
1525,-1,1.5000022910711865,2,11671
1526,-1,1.5000103952507395,2,11672
1527,-1,1.4999927307768606,2,11672
